Bid ID,Client,Sector,Budget,Score (%),Outcome,Response Time (hrs),Compliance %,Doc Pages,Gaps Found,Bid Manager,Submission Date,Budget_M,Submission_Month,Submission_Quarter
BID-0001,NLC,Construction,PKR 243.5M,81,Loss,87,60,212,6,Bilal Sheikh,2025-12-03,243.5,12,4
BID-0002,NESPAK,IT Services,PKR 420.9M,67,Win,36,95,142,3,Faiza Iqbal,2025-06-23,420.9,6,2
BID-0003,Jazz,Energy,PKR 110.5M,68,Loss,31,93,212,6,Asif Khan,2025-06-01,110.5,6,2
BID-0004,NLC,IT Services,PKR 484.3M,76,Loss,169,58,175,1,Tariq Mehmood,2025-11-27,484.3,11,4
BID-0005,FWO,IT Services,PKR 358.4M,59,Loss,164,67,348,2,Nadia Ahmed,2025-01-26,358.4,1,1
BID-0006,NESPAK,Education,PKR 107.8M,65,Loss,157,56,145,0,Hira Noor,2025-04-25,107.8,4,2
BID-0007,NESPAK,Education,PKR 370.8M,71,Loss,137,59,142,1,Hira Noor,2025-10-11,370.8,10,4
BID-0008,NBP,Education,PKR 269.6M,78,Win,41,98,280,3,Hira Noor,2025-03-16,269.6,3,1
BID-0009,PIA,Telecom,PKR 356.5M,54,Win,139,81,280,2,Kamran Ali,2025-06-15,356.5,6,2
BID-0010,PSO,Energy,PKR 386.2M,81,Win,69,86,332,1,Faiza Iqbal,2025-07-08,386.2,7,3
BID-0011,BISP,Logistics,PKR 52.8M,64,Win,33,75,342,0,Faiza Iqbal,2025-03-19,52.8,3,1
BID-0012,BISP,Logistics,PKR 258.0M,62,Loss,48,62,147,1,Tariq Mehmood,2025-03-31,258.0,3,1
BID-0013,NDMA,Education,PKR 466.7M,47,Win,144,92,330,1,Tariq Mehmood,2025-06-25,466.7,6,2
BID-0014,NESPAK,Construction,PKR 167.1M,72,Win,26,62,190,5,Faiza Iqbal,2025-01-21,167.1,1,1
BID-0015,PTCL,Telecom,PKR 301.0M,68,Win,48,57,430,2,Bilal Sheikh,2025-02-23,301.0,2,1
BID-0016,PIMS,Healthcare,PKR 190.9M,56,Loss,158,98,227,6,Tariq Mehmood,2025-07-03,190.9,7,3
BID-0017,HEC,Construction,PKR 232.6M,69,Loss,52,57,289,2,Bilal Sheikh,2025-12-25,232.6,12,4
BID-0018,NDMA,Finance,PKR 278.8M,53,Loss,153,76,177,5,Sara Malik,2025-08-10,278.8,8,3
BID-0019,SBP,Finance,PKR 279.0M,41,Loss,130,60,269,2,Zara Hussain,2025-11-11,279.0,11,4
BID-0020,CDA,Construction,PKR 108.8M,64,Loss,98,56,76,1,Asif Khan,2025-11-24,108.8,11,4
BID-0021,SBP,Education,PKR 345.4M,49,Loss,77,77,428,1,Tariq Mehmood,2025-06-28,345.4,6,2
BID-0022,NEPRA,Healthcare,PKR 53.1M,85,Win,45,98,227,2,Faiza Iqbal,2025-10-03,53.1,10,4
BID-0023,OGDCL,Healthcare,PKR 78.0M,68,Win,48,56,76,3,Zara Hussain,2025-04-22,78.0,4,2
BID-0024,PEMRA,Telecom,PKR 11.3M,74,Win,23,92,107,2,Zara Hussain,2025-08-12,11.3,8,3
BID-0025,NEPRA,Healthcare,PKR 67.2M,65,Loss,118,71,153,1,Usman Raza,2025-08-02,67.2,8,3
BID-0026,CDA,Finance,PKR 241.9M,84,Win,160,89,104,5,Faiza Iqbal,2025-02-28,241.9,2,1
BID-0027,NLC,Energy,PKR 307.0M,86,Win,58,88,388,5,Asif Khan,2025-11-23,307.0,11,4
BID-0028,PTCL,Education,PKR 399.2M,88,Win,34,77,166,2,Faiza Iqbal,2025-04-19,399.2,4,2
BID-0029,BISP,Healthcare,PKR 62.3M,59,Loss,138,84,119,1,Tariq Mehmood,2025-06-06,62.3,6,2
BID-0030,SBP,Telecom,PKR 426.9M,52,Win,48,62,429,3,Nadia Ahmed,2025-07-10,426.9,7,3
BID-0031,NESPAK,Finance,PKR 375.5M,71,Win,94,76,354,0,Sara Malik,2025-07-19,375.5,7,3
BID-0032,WAPDA,Energy,PKR 210.2M,86,Win,135,98,90,2,Bilal Sheikh,2025-11-08,210.2,11,4
BID-0033,BISP,IT Services,PKR 467.1M,79,Win,51,90,167,6,Nadia Ahmed,2025-07-15,467.1,7,3
BID-0034,PIMS,IT Services,PKR 495.6M,55,Loss,149,59,79,7,Sara Malik,2025-02-04,495.6,2,1
BID-0035,PEMRA,Energy,PKR 110.5M,68,Loss,103,67,288,3,Nadia Ahmed,2025-09-03,110.5,9,3
BID-0036,NBP,Finance,PKR 195.8M,64,Win,41,83,136,3,Bilal Sheikh,2025-08-25,195.8,8,3
BID-0037,OGDCL,Telecom,PKR 464.0M,86,Win,46,85,142,3,Kamran Ali,2025-04-14,464.0,4,2
BID-0038,NEPRA,Energy,PKR 363.6M,77,Loss,100,70,379,1,Faiza Iqbal,2025-01-07,363.6,1,1
BID-0039,WAPDA,Education,PKR 33.6M,54,Loss,145,96,283,3,Nadia Ahmed,2025-10-10,33.6,10,4
BID-0040,OGDCL,Education,PKR 392.9M,90,Loss,111,84,147,4,Tariq Mehmood,2025-01-01,392.9,1,1
BID-0041,NLC,IT Services,PKR 415.7M,74,Loss,40,70,227,4,Asif Khan,2025-08-07,415.7,8,3
BID-0042,Jazz,Healthcare,PKR 377.7M,60,Loss,66,66,366,1,Hira Noor,2025-08-18,377.7,8,3
BID-0043,PIA,Telecom,PKR 401.8M,57,Loss,120,71,394,3,Tariq Mehmood,2025-06-21,401.8,6,2
BID-0044,OGDCL,IT Services,PKR 414.3M,58,Win,103,70,80,0,Bilal Sheikh,2025-03-28,414.3,3,1
BID-0045,NEPRA,Healthcare,PKR 101.3M,87,Loss,25,66,274,2,Asif Khan,2025-02-10,101.3,2,1
BID-0046,NESPAK,Healthcare,PKR 125.5M,45,Loss,166,62,432,4,Tariq Mehmood,2025-05-03,125.5,5,2
BID-0047,NLC,Logistics,PKR 320.5M,74,Win,150,74,64,6,Zara Hussain,2025-11-27,320.5,11,4
BID-0048,PIA,Education,PKR 454.9M,76,Win,20,57,331,3,Faiza Iqbal,2025-10-25,454.9,10,4
BID-0049,OGDCL,Finance,PKR 164.9M,69,Win,77,70,439,2,Asif Khan,2025-06-27,164.9,6,2
BID-0050,PEMRA,Construction,PKR 298.3M,55,Win,143,84,98,4,Zara Hussain,2025-03-04,298.3,3,1
BID-0051,PSO,Finance,PKR 344.7M,75,Loss,34,99,378,2,Tariq Mehmood,2025-06-14,344.7,6,2
BID-0052,BISP,Construction,PKR 231.5M,56,Loss,83,77,349,4,Sara Malik,2025-07-06,231.5,7,3
BID-0053,WAPDA,Energy,PKR 359.8M,67,Win,44,82,78,2,Usman Raza,2025-07-28,359.8,7,3
BID-0054,PEMRA,Education,PKR 450.8M,73,Loss,43,94,434,6,Sara Malik,2025-08-15,450.8,8,3
BID-0055,WAPDA,Healthcare,PKR 315.8M,92,Loss,31,59,103,2,Faiza Iqbal,2025-02-17,315.8,2,1
BID-0056,PSO,Telecom,PKR 274.5M,81,Win,37,74,221,0,Asif Khan,2025-08-12,274.5,8,3
BID-0057,PAF,Construction,PKR 225.0M,78,Win,34,94,290,5,Asif Khan,2025-01-03,225.0,1,1
BID-0058,NEPRA,Finance,PKR 293.0M,65,Win,46,98,385,3,Faiza Iqbal,2025-06-24,293.0,6,2
BID-0059,BISP,Healthcare,PKR 184.1M,49,Loss,91,55,99,2,Zara Hussain,2025-04-09,184.1,4,2
BID-0060,PAF,Construction,PKR 201.8M,65,Win,79,84,119,5,Usman Raza,2025-04-26,201.8,4,2
BID-0061,CDA,Construction,PKR 270.6M,40,Loss,164,75,289,4,Tariq Mehmood,2025-09-27,270.6,9,3
BID-0062,BISP,Logistics,PKR 42.6M,64,Loss,112,74,155,4,Bilal Sheikh,2025-09-10,42.6,9,3
BID-0063,PAF,Construction,PKR 122.2M,62,Win,72,60,260,7,Sara Malik,2025-11-13,122.2,11,4
BID-0064,FWO,Telecom,PKR 276.0M,91,Win,27,76,324,2,Sara Malik,2025-04-05,276.0,4,2
BID-0065,SBP,Education,PKR 221.4M,45,Loss,98,72,448,2,Hira Noor,2025-09-30,221.4,9,3
BID-0066,CDA,Telecom,PKR 173.1M,75,Loss,46,62,158,5,Usman Raza,2025-01-24,173.1,1,1
BID-0067,FWO,IT Services,PKR 368.0M,65,Win,69,93,309,4,Bilal Sheikh,2025-04-26,368.0,4,2
BID-0068,NESPAK,Healthcare,PKR 349.9M,49,Win,150,86,342,3,Sara Malik,2025-05-31,349.9,5,2
BID-0069,WAPDA,Education,PKR 91.7M,67,Win,112,87,129,2,Bilal Sheikh,2025-12-04,91.7,12,4
BID-0070,ERRA,Logistics,PKR 440.5M,54,Loss,43,70,355,4,Tariq Mehmood,2025-02-19,440.5,2,1
BID-0071,NDMA,Education,PKR 252.8M,60,Loss,79,66,326,4,Asif Khan,2025-07-25,252.8,7,3
BID-0072,NBP,Education,PKR 373.3M,71,Loss,141,92,211,5,Bilal Sheikh,2025-12-01,373.3,12,4
BID-0073,WAPDA,Finance,PKR 290.8M,66,Loss,150,88,203,1,Sara Malik,2025-03-20,290.8,3,1
BID-0074,PIMS,Education,PKR 498.9M,44,Loss,167,68,345,2,Zara Hussain,2025-03-11,498.9,3,1
BID-0075,PIMS,Logistics,PKR 378.7M,72,Win,65,90,393,1,Usman Raza,2025-01-27,378.7,1,1
BID-0076,FWO,Telecom,PKR 356.4M,83,Win,34,87,217,4,Faiza Iqbal,2025-09-28,356.4,9,3
BID-0077,HEC,Education,PKR 391.5M,92,Win,36,77,86,1,Nadia Ahmed,2025-02-19,391.5,2,1
BID-0078,PIA,Energy,PKR 80.1M,74,Win,145,99,60,3,Kamran Ali,2025-10-19,80.1,10,4
BID-0079,SBP,Healthcare,PKR 110.2M,80,Win,103,56,113,1,Kamran Ali,2025-09-04,110.2,9,3
BID-0080,CDA,Education,PKR 359.9M,83,Loss,28,95,181,2,Nadia Ahmed,2025-09-21,359.9,9,3
BID-0081,SBP,Healthcare,PKR 252.1M,65,Win,82,75,65,5,Bilal Sheikh,2025-03-20,252.1,3,1
BID-0082,CDA,Energy,PKR 379.8M,57,Loss,136,56,242,4,Usman Raza,2025-07-09,379.8,7,3
BID-0083,WAPDA,Energy,PKR 60.4M,59,Loss,149,81,443,3,Bilal Sheikh,2025-02-16,60.4,2,1
BID-0084,NESPAK,Healthcare,PKR 272.9M,45,Win,107,63,437,3,Faiza Iqbal,2025-12-27,272.9,12,4
BID-0085,NLC,Construction,PKR 195.6M,53,Loss,91,55,393,5,Usman Raza,2025-12-20,195.6,12,4
BID-0086,FWO,IT Services,PKR 233.9M,60,Win,158,65,135,3,Nadia Ahmed,2025-12-18,233.9,12,4
BID-0087,PSO,Finance,PKR 305.9M,47,Loss,83,57,443,2,Bilal Sheikh,2025-07-08,305.9,7,3
BID-0088,HEC,Construction,PKR 256.1M,66,Loss,91,77,371,1,Hira Noor,2025-09-13,256.1,9,3
BID-0089,PIMS,Construction,PKR 274.5M,90,Win,40,80,249,2,Sara Malik,2025-08-10,274.5,8,3
BID-0090,NESPAK,Telecom,PKR 248.3M,62,Loss,37,58,420,1,Zara Hussain,2025-08-29,248.3,8,3
BID-0091,WAPDA,Finance,PKR 210.4M,64,Win,83,72,192,2,Asif Khan,2025-09-26,210.4,9,3
BID-0092,PIMS,Finance,PKR 388.2M,62,Loss,101,60,249,1,Zara Hussain,2025-01-01,388.2,1,1
BID-0093,FWO,Construction,PKR 16.0M,63,Win,129,89,299,3,Faiza Iqbal,2025-02-03,16.0,2,1
BID-0094,PIMS,Education,PKR 303.2M,58,Loss,114,76,149,3,Bilal Sheikh,2025-03-20,303.2,3,1
BID-0095,HEC,Telecom,PKR 287.1M,36,Loss,51,97,423,6,Tariq Mehmood,2025-08-24,287.1,8,3
BID-0096,BISP,Telecom,PKR 360.9M,82,Win,30,69,365,5,Usman Raza,2025-11-30,360.9,11,4
BID-0097,PEMRA,Energy,PKR 303.5M,55,Loss,64,76,429,6,Bilal Sheikh,2025-12-15,303.5,12,4
BID-0098,PIMS,Logistics,PKR 415.1M,83,Win,52,91,211,1,Usman Raza,2025-04-08,415.1,4,2
BID-0099,FWO,Finance,PKR 479.9M,74,Win,121,96,135,2,Asif Khan,2025-03-23,479.9,3,1
BID-0100,HEC,Construction,PKR 177.8M,51,Loss,155,66,246,4,Hira Noor,2025-07-11,177.8,7,3
BID-0101,PEMRA,Energy,PKR 121.4M,65,Loss,30,96,234,2,Zara Hussain,2025-09-10,121.4,9,3
BID-0102,SBP,Healthcare,PKR 217.6M,48,Loss,107,92,99,1,Sara Malik,2025-02-07,217.6,2,1
BID-0103,CDA,IT Services,PKR 151.1M,65,Win,60,72,73,4,Asif Khan,2025-01-14,151.1,1,1
BID-0104,BISP,Logistics,PKR 311.3M,55,Loss,164,99,358,4,Asif Khan,2025-12-13,311.3,12,4
BID-0105,BISP,Logistics,PKR 456.8M,66,Loss,95,89,330,1,Zara Hussain,2025-11-06,456.8,11,4
BID-0106,PIA,Logistics,PKR 78.2M,66,Loss,140,84,257,4,Asif Khan,2025-07-28,78.2,7,3
BID-0107,PAF,Telecom,PKR 59.4M,72,Win,65,78,213,3,Tariq Mehmood,2025-12-23,59.4,12,4
BID-0108,NDMA,Healthcare,PKR 135.4M,64,Win,99,96,136,1,Tariq Mehmood,2025-03-30,135.4,3,1
BID-0109,SBP,Logistics,PKR 365.8M,56,Loss,73,84,113,2,Kamran Ali,2025-02-25,365.8,2,1
BID-0110,NBP,Healthcare,PKR 300.6M,72,Loss,105,68,367,1,Kamran Ali,2025-04-04,300.6,4,2
BID-0111,PTCL,Education,PKR 60.1M,52,Win,111,60,279,2,Tariq Mehmood,2025-04-03,60.1,4,2
BID-0112,OGDCL,Logistics,PKR 460.2M,50,Loss,167,57,392,2,Nadia Ahmed,2025-12-06,460.2,12,4
BID-0113,HEC,IT Services,PKR 397.1M,67,Loss,116,70,50,3,Hira Noor,2025-03-26,397.1,3,1
BID-0114,SBP,Healthcare,PKR 21.3M,83,Win,21,61,225,4,Usman Raza,2025-09-02,21.3,9,3
BID-0115,PAF,Healthcare,PKR 329.2M,46,Loss,52,68,207,4,Hira Noor,2025-01-22,329.2,1,1
BID-0116,BISP,IT Services,PKR 387.9M,44,Loss,96,63,446,0,Faiza Iqbal,2025-10-18,387.9,10,4
BID-0117,ERRA,Logistics,PKR 193.5M,66,Loss,135,69,36,3,Asif Khan,2025-09-29,193.5,9,3
BID-0118,OGDCL,IT Services,PKR 43.8M,67,Win,169,75,99,0,Sara Malik,2025-11-02,43.8,11,4
BID-0119,PAF,Healthcare,PKR 47.9M,69,Loss,122,89,156,3,Asif Khan,2025-05-02,47.9,5,2
BID-0120,SBP,IT Services,PKR 61.1M,59,Loss,122,56,428,1,Hira Noor,2025-05-08,61.1,5,2
BID-0121,NDMA,Healthcare,PKR 421.8M,60,Win,109,81,189,4,Tariq Mehmood,2025-04-23,421.8,4,2
BID-0122,NLC,Healthcare,PKR 456.2M,53,Loss,141,56,277,5,Zara Hussain,2025-09-30,456.2,9,3
BID-0123,PIA,Education,PKR 70.2M,81,Win,162,89,232,1,Faiza Iqbal,2025-12-02,70.2,12,4
BID-0124,PAF,Construction,PKR 125.6M,52,Loss,125,72,177,3,Tariq Mehmood,2025-05-10,125.6,5,2
BID-0125,Jazz,Healthcare,PKR 91.1M,70,Loss,138,68,172,3,Hira Noor,2025-05-12,91.1,5,2
BID-0126,NESPAK,Logistics,PKR 101.3M,53,Win,68,74,228,3,Zara Hussain,2025-03-26,101.3,3,1
BID-0127,NESPAK,Energy,PKR 420.4M,55,Loss,123,72,434,2,Sara Malik,2025-12-16,420.4,12,4
BID-0128,PTCL,Telecom,PKR 172.8M,69,Win,80,64,183,3,Hira Noor,2025-03-22,172.8,3,1
BID-0129,ERRA,Finance,PKR 162.6M,55,Loss,142,79,405,3,Usman Raza,2025-11-21,162.6,11,4
BID-0130,SBP,Construction,PKR 121.4M,70,Loss,153,56,413,4,Bilal Sheikh,2025-03-10,121.4,3,1
BID-0131,FWO,Construction,PKR 307.9M,65,Loss,28,79,171,3,Zara Hussain,2025-05-28,307.9,5,2
BID-0132,FWO,Construction,PKR 195.9M,88,Win,25,87,342,1,Hira Noor,2025-01-16,195.9,1,1
BID-0133,PTCL,Education,PKR 374.7M,88,Win,92,90,194,2,Tariq Mehmood,2025-11-03,374.7,11,4
BID-0134,PAF,Healthcare,PKR 110.7M,67,Loss,122,85,343,4,Usman Raza,2025-04-15,110.7,4,2
BID-0135,CDA,Education,PKR 396.0M,81,Loss,60,68,50,1,Nadia Ahmed,2025-06-14,396.0,6,2
BID-0136,PIMS,Healthcare,PKR 305.8M,60,Loss,133,55,111,4,Zara Hussain,2025-07-20,305.8,7,3
BID-0137,SBP,Logistics,PKR 66.0M,73,Win,27,70,98,2,Usman Raza,2025-07-16,66.0,7,3
BID-0138,Jazz,Education,PKR 213.1M,56,Win,91,57,160,1,Tariq Mehmood,2025-07-04,213.1,7,3
BID-0139,WAPDA,Education,PKR 433.1M,51,Win,111,89,116,5,Hira Noor,2025-11-18,433.1,11,4
BID-0140,CDA,Telecom,PKR 462.3M,55,Win,81,95,247,6,Asif Khan,2025-09-22,462.3,9,3
BID-0141,HEC,Energy,PKR 238.2M,52,Win,103,60,334,1,Sara Malik,2025-12-29,238.2,12,4
BID-0142,FWO,Education,PKR 245.6M,54,Loss,81,79,432,7,Asif Khan,2025-04-10,245.6,4,2
BID-0143,NDMA,Telecom,PKR 460.0M,60,Loss,130,67,400,4,Bilal Sheikh,2025-12-08,460.0,12,4
BID-0144,PIA,IT Services,PKR 297.7M,50,Loss,146,88,374,3,Usman Raza,2025-11-16,297.7,11,4
BID-0145,NESPAK,Energy,PKR 26.1M,69,Win,26,62,370,3,Bilal Sheikh,2025-08-02,26.1,8,3
BID-0146,BISP,Logistics,PKR 457.2M,51,Win,103,75,413,0,Sara Malik,2025-10-05,457.2,10,4
BID-0147,CDA,Education,PKR 131.6M,55,Win,151,88,425,3,Usman Raza,2025-06-11,131.6,6,2
BID-0148,PTCL,Finance,PKR 293.0M,69,Win,153,58,190,3,Kamran Ali,2025-06-06,293.0,6,2
BID-0149,NBP,Construction,PKR 91.1M,72,Win,77,79,207,1,Tariq Mehmood,2025-09-08,91.1,9,3
BID-0150,NBP,IT Services,PKR 26.6M,83,Win,41,69,146,0,Usman Raza,2025-04-07,26.6,4,2
BID-0151,PTCL,IT Services,PKR 162.6M,57,Loss,146,58,225,2,Tariq Mehmood,2025-01-18,162.6,1,1
BID-0152,NESPAK,Logistics,PKR 392.4M,73,Win,22,99,412,4,Asif Khan,2025-11-23,392.4,11,4
BID-0153,SBP,Telecom,PKR 146.0M,49,Loss,146,66,356,6,Faiza Iqbal,2025-04-07,146.0,4,2
BID-0154,NLC,IT Services,PKR 117.8M,80,Win,60,86,115,3,Zara Hussain,2025-01-01,117.8,1,1
BID-0155,PIMS,Energy,PKR 114.2M,69,Win,125,86,318,3,Faiza Iqbal,2025-08-04,114.2,8,3
BID-0156,NBP,Education,PKR 262.4M,67,Win,33,82,110,2,Hira Noor,2025-05-12,262.4,5,2
BID-0157,HEC,Education,PKR 488.0M,76,Loss,31,67,181,1,Zara Hussain,2025-09-17,488.0,9,3
BID-0158,NBP,Finance,PKR 234.9M,72,Win,106,85,90,0,Zara Hussain,2025-05-05,234.9,5,2
BID-0159,NBP,Logistics,PKR 283.1M,65,Win,31,68,90,2,Nadia Ahmed,2025-03-23,283.1,3,1
BID-0160,NBP,Construction,PKR 431.7M,43,Loss,160,74,383,6,Zara Hussain,2025-10-10,431.7,10,4
BID-0161,NLC,Telecom,PKR 272.2M,81,Win,44,72,57,6,Sara Malik,2025-06-20,272.2,6,2
BID-0162,NLC,Construction,PKR 100.4M,65,Win,64,83,72,3,Faiza Iqbal,2025-02-28,100.4,2,1
BID-0163,HEC,IT Services,PKR 156.8M,68,Loss,141,60,198,3,Asif Khan,2025-02-01,156.8,2,1
BID-0164,FWO,Logistics,PKR 161.9M,56,Loss,166,86,115,2,Tariq Mehmood,2025-06-10,161.9,6,2
BID-0165,FWO,Finance,PKR 204.7M,65,Loss,74,83,206,5,Hira Noor,2025-10-11,204.7,10,4
BID-0166,NDMA,Construction,PKR 219.1M,73,Loss,119,97,46,3,Zara Hussain,2025-04-16,219.1,4,2
BID-0167,NLC,Energy,PKR 401.9M,46,Loss,155,56,127,2,Hira Noor,2025-04-15,401.9,4,2
BID-0168,NESPAK,Education,PKR 181.2M,64,Win,138,77,227,2,Asif Khan,2025-08-16,181.2,8,3
BID-0169,Jazz,IT Services,PKR 239.4M,47,Loss,72,73,127,2,Hira Noor,2025-07-07,239.4,7,3
BID-0170,OGDCL,Finance,PKR 316.2M,62,Win,51,85,94,3,Asif Khan,2025-03-11,316.2,3,1
BID-0171,ERRA,Construction,PKR 195.1M,50,Loss,70,59,359,1,Zara Hussain,2025-11-14,195.1,11,4
BID-0172,NBP,Telecom,PKR 419.9M,74,Loss,63,73,370,6,Asif Khan,2025-10-17,419.9,10,4
BID-0173,Jazz,Energy,PKR 297.9M,77,Loss,101,88,34,4,Zara Hussain,2025-03-28,297.9,3,1
BID-0174,HEC,Energy,PKR 154.1M,60,Loss,165,64,31,6,Nadia Ahmed,2025-12-28,154.1,12,4
BID-0175,PTCL,Construction,PKR 359.9M,50,Loss,169,79,51,2,Nadia Ahmed,2025-02-25,359.9,2,1
BID-0176,NLC,Education,PKR 268.5M,50,Loss,56,56,141,5,Asif Khan,2025-04-23,268.5,4,2
BID-0177,Jazz,Construction,PKR 271.9M,57,Loss,115,65,86,2,Nadia Ahmed,2025-01-13,271.9,1,1
BID-0178,ERRA,IT Services,PKR 245.7M,76,Win,75,85,95,3,Tariq Mehmood,2025-01-18,245.7,1,1
BID-0179,PSO,Construction,PKR 253.5M,51,Win,124,69,359,6,Tariq Mehmood,2025-07-01,253.5,7,3
BID-0180,PSO,Energy,PKR 385.0M,61,Win,78,63,127,6,Nadia Ahmed,2025-04-23,385.0,4,2
BID-0181,FWO,Finance,PKR 60.5M,59,Loss,150,77,173,5,Nadia Ahmed,2025-08-17,60.5,8,3
BID-0182,CDA,Construction,PKR 173.8M,78,Win,54,73,397,4,Kamran Ali,2025-06-20,173.8,6,2
BID-0183,Jazz,Education,PKR 47.0M,46,Loss,112,63,154,3,Kamran Ali,2025-10-22,47.0,10,4
BID-0184,PSO,Logistics,PKR 379.1M,70,Loss,116,89,196,1,Zara Hussain,2025-07-08,379.1,7,3
BID-0185,PIMS,Finance,PKR 143.4M,81,Win,154,75,115,4,Asif Khan,2025-03-20,143.4,3,1
BID-0186,PTCL,Telecom,PKR 449.7M,89,Win,95,63,105,3,Bilal Sheikh,2025-05-26,449.7,5,2
BID-0187,OGDCL,Healthcare,PKR 268.0M,70,Win,68,82,373,4,Bilal Sheikh,2025-07-01,268.0,7,3
BID-0188,NDMA,Construction,PKR 402.4M,56,Loss,113,61,323,2,Nadia Ahmed,2025-10-13,402.4,10,4
BID-0189,PIMS,Education,PKR 489.7M,80,Loss,43,70,88,2,Hira Noor,2025-09-07,489.7,9,3
BID-0190,NDMA,Finance,PKR 421.5M,64,Loss,167,70,167,4,Nadia Ahmed,2025-12-20,421.5,12,4
BID-0191,PTCL,Education,PKR 434.8M,71,Loss,56,87,128,4,Kamran Ali,2025-11-10,434.8,11,4
BID-0192,SBP,Telecom,PKR 209.9M,69,Win,23,58,221,1,Zara Hussain,2025-07-15,209.9,7,3
BID-0193,PTCL,Energy,PKR 280.3M,50,Win,127,58,272,2,Nadia Ahmed,2025-11-19,280.3,11,4
BID-0194,CDA,Education,PKR 134.4M,76,Loss,145,93,348,4,Faiza Iqbal,2025-03-12,134.4,3,1
BID-0195,FWO,Finance,PKR 106.1M,88,Win,39,94,78,2,Hira Noor,2025-09-05,106.1,9,3
BID-0196,WAPDA,Education,PKR 257.7M,76,Win,69,71,61,3,Faiza Iqbal,2025-05-26,257.7,5,2
BID-0197,SBP,Education,PKR 301.6M,51,Win,115,91,420,5,Zara Hussain,2025-04-16,301.6,4,2
BID-0198,NEPRA,Education,PKR 176.2M,59,Loss,124,93,306,2,Zara Hussain,2025-09-20,176.2,9,3
BID-0199,WAPDA,IT Services,PKR 289.0M,59,Win,136,83,49,2,Tariq Mehmood,2025-10-23,289.0,10,4
BID-0200,FWO,IT Services,PKR 444.9M,67,Win,117,90,183,2,Usman Raza,2025-03-11,444.9,3,1
BID-0201,ERRA,Energy,PKR 282.8M,62,Loss,85,92,412,2,Faiza Iqbal,2025-07-12,282.8,7,3
BID-0202,NEPRA,Construction,PKR 363.2M,65,Loss,98,93,97,4,Tariq Mehmood,2025-03-09,363.2,3,1
BID-0203,PIA,Education,PKR 404.6M,71,Win,25,91,395,2,Kamran Ali,2025-11-01,404.6,11,4
BID-0204,PIMS,Telecom,PKR 494.5M,66,Loss,58,89,401,2,Sara Malik,2025-02-21,494.5,2,1
BID-0205,SBP,Construction,PKR 305.6M,63,Loss,134,61,243,3,Hira Noor,2025-12-29,305.6,12,4
BID-0206,PSO,Telecom,PKR 405.4M,74,Loss,144,81,172,2,Sara Malik,2025-10-12,405.4,10,4
BID-0207,PSO,Construction,PKR 481.7M,72,Win,31,82,405,2,Asif Khan,2025-11-30,481.7,11,4
BID-0208,PTCL,Energy,PKR 472.8M,75,Win,150,76,261,2,Kamran Ali,2025-01-09,472.8,1,1
BID-0209,NBP,Education,PKR 79.1M,64,Loss,37,68,242,5,Kamran Ali,2025-09-08,79.1,9,3
BID-0210,NLC,Education,PKR 209.1M,81,Win,59,61,108,4,Sara Malik,2025-11-28,209.1,11,4
BID-0211,FWO,Healthcare,PKR 168.8M,80,Win,40,91,243,4,Faiza Iqbal,2025-10-25,168.8,10,4
BID-0212,PSO,Telecom,PKR 52.6M,70,Win,162,76,145,4,Usman Raza,2025-07-03,52.6,7,3
BID-0213,NESPAK,Construction,PKR 320.3M,59,Loss,118,59,121,4,Faiza Iqbal,2025-06-28,320.3,6,2
BID-0214,HEC,Construction,PKR 370.6M,74,Loss,45,56,299,4,Sara Malik,2025-07-17,370.6,7,3
BID-0215,HEC,Logistics,PKR 425.6M,84,Win,27,81,440,0,Asif Khan,2025-05-08,425.6,5,2
BID-0216,CDA,Logistics,PKR 70.2M,71,Loss,119,75,410,1,Faiza Iqbal,2025-01-20,70.2,1,1
BID-0217,CDA,IT Services,PKR 439.5M,73,Loss,106,92,197,4,Bilal Sheikh,2025-11-24,439.5,11,4
BID-0218,PIMS,Healthcare,PKR 325.0M,80,Win,61,69,87,1,Faiza Iqbal,2025-03-06,325.0,3,1
BID-0219,NDMA,Finance,PKR 354.9M,81,Win,33,75,313,4,Zara Hussain,2025-07-01,354.9,7,3
BID-0220,PSO,Logistics,PKR 456.2M,61,Loss,97,64,55,1,Tariq Mehmood,2025-08-29,456.2,8,3
BID-0221,PSO,Finance,PKR 316.1M,75,Win,21,77,398,2,Hira Noor,2025-01-24,316.1,1,1
BID-0222,PIMS,IT Services,PKR 174.6M,79,Win,138,93,95,2,Faiza Iqbal,2025-03-24,174.6,3,1
BID-0223,PTCL,IT Services,PKR 414.3M,81,Win,56,59,438,1,Usman Raza,2025-11-15,414.3,11,4
BID-0224,FWO,IT Services,PKR 187.9M,53,Win,88,55,277,4,Usman Raza,2025-07-04,187.9,7,3
BID-0225,PTCL,Telecom,PKR 26.8M,76,Loss,60,67,283,7,Faiza Iqbal,2025-11-12,26.8,11,4
BID-0226,ERRA,Telecom,PKR 417.0M,53,Loss,81,75,416,3,Nadia Ahmed,2025-04-09,417.0,4,2
BID-0227,NBP,Energy,PKR 179.1M,71,Loss,79,80,73,4,Kamran Ali,2025-03-03,179.1,3,1
BID-0228,WAPDA,Energy,PKR 389.2M,84,Win,144,99,126,5,Faiza Iqbal,2025-10-13,389.2,10,4
BID-0229,OGDCL,IT Services,PKR 187.8M,68,Win,130,75,71,3,Kamran Ali,2025-01-22,187.8,1,1
BID-0230,Jazz,Healthcare,PKR 431.9M,73,Win,33,72,256,2,Bilal Sheikh,2025-07-31,431.9,7,3
BID-0231,WAPDA,Construction,PKR 117.6M,70,Win,103,91,291,3,Sara Malik,2025-05-06,117.6,5,2
BID-0232,PTCL,Telecom,PKR 487.5M,79,Win,149,99,196,2,Bilal Sheikh,2025-02-11,487.5,2,1
BID-0233,PIMS,Healthcare,PKR 392.1M,85,Loss,89,86,308,2,Faiza Iqbal,2025-04-08,392.1,4,2
BID-0234,PSO,Education,PKR 66.0M,66,Win,164,90,118,4,Usman Raza,2025-01-31,66.0,1,1
BID-0235,PIMS,Telecom,PKR 287.2M,65,Loss,142,71,408,1,Nadia Ahmed,2025-06-07,287.2,6,2
BID-0236,NEPRA,Telecom,PKR 492.8M,48,Loss,108,89,207,5,Asif Khan,2025-04-22,492.8,4,2
BID-0237,PEMRA,Energy,PKR 240.8M,83,Win,47,65,432,2,Kamran Ali,2025-09-04,240.8,9,3
BID-0238,NEPRA,Construction,PKR 99.2M,77,Loss,85,75,226,3,Tariq Mehmood,2025-05-02,99.2,5,2
BID-0239,NLC,Construction,PKR 247.5M,80,Win,24,80,336,6,Kamran Ali,2025-09-30,247.5,9,3
BID-0240,PIMS,Logistics,PKR 261.1M,60,Win,64,58,296,3,Zara Hussain,2025-10-21,261.1,10,4
BID-0241,PSO,Finance,PKR 373.4M,64,Loss,66,88,297,3,Hira Noor,2025-07-26,373.4,7,3
BID-0242,CDA,Finance,PKR 352.4M,58,Loss,50,72,103,7,Faiza Iqbal,2025-04-20,352.4,4,2
BID-0243,OGDCL,Finance,PKR 207.2M,63,Win,158,94,37,3,Bilal Sheikh,2025-10-05,207.2,10,4
BID-0244,FWO,Finance,PKR 116.8M,75,Win,29,89,437,1,Tariq Mehmood,2025-02-25,116.8,2,1
BID-0245,OGDCL,Education,PKR 326.1M,57,Loss,137,95,326,0,Usman Raza,2025-02-26,326.1,2,1
BID-0246,FWO,Education,PKR 216.6M,86,Win,33,83,193,3,Usman Raza,2025-10-18,216.6,10,4
BID-0247,PEMRA,Telecom,PKR 74.8M,71,Win,99,83,114,1,Usman Raza,2025-04-24,74.8,4,2
BID-0248,PSO,IT Services,PKR 451.3M,74,Win,112,92,101,2,Asif Khan,2025-11-04,451.3,11,4
BID-0249,PTCL,Energy,PKR 348.7M,77,Loss,29,96,84,1,Zara Hussain,2025-12-07,348.7,12,4
BID-0250,WAPDA,Energy,PKR 344.8M,66,Win,95,75,422,3,Usman Raza,2025-07-17,344.8,7,3
BID-0251,SBP,Finance,PKR 413.1M,83,Win,113,96,76,1,Usman Raza,2025-11-17,413.1,11,4
BID-0252,PIMS,Telecom,PKR 269.5M,54,Loss,124,67,428,2,Faiza Iqbal,2025-06-28,269.5,6,2
BID-0253,NBP,Logistics,PKR 409.4M,87,Win,20,95,267,4,Zara Hussain,2025-08-07,409.4,8,3
BID-0254,FWO,Healthcare,PKR 254.1M,74,Win,152,71,133,3,Nadia Ahmed,2025-10-04,254.1,10,4
BID-0255,PSO,IT Services,PKR 42.9M,66,Loss,39,63,239,4,Nadia Ahmed,2025-01-16,42.9,1,1
BID-0256,NESPAK,Telecom,PKR 208.6M,80,Win,27,95,71,2,Zara Hussain,2025-03-02,208.6,3,1
BID-0257,NDMA,IT Services,PKR 253.8M,75,Win,20,55,345,2,Hira Noor,2025-02-23,253.8,2,1
BID-0258,PEMRA,IT Services,PKR 362.9M,55,Loss,76,56,297,3,Asif Khan,2025-06-17,362.9,6,2
BID-0259,Jazz,IT Services,PKR 62.2M,66,Loss,83,83,415,1,Tariq Mehmood,2025-01-26,62.2,1,1
BID-0260,Jazz,Telecom,PKR 78.6M,64,Loss,137,87,292,2,Kamran Ali,2025-12-02,78.6,12,4
BID-0261,PAF,Finance,PKR 139.2M,59,Win,47,64,365,4,Faiza Iqbal,2025-03-06,139.2,3,1
BID-0262,NDMA,Energy,PKR 140.6M,67,Loss,140,94,416,6,Sara Malik,2025-04-10,140.6,4,2
BID-0263,WAPDA,Energy,PKR 368.8M,55,Loss,126,75,394,4,Nadia Ahmed,2025-03-15,368.8,3,1
BID-0264,NLC,Finance,PKR 132.9M,80,Win,68,82,288,1,Zara Hussain,2025-07-11,132.9,7,3
BID-0265,FWO,IT Services,PKR 320.2M,55,Loss,139,65,312,4,Tariq Mehmood,2025-06-20,320.2,6,2
BID-0266,BISP,Healthcare,PKR 252.2M,64,Loss,63,88,143,4,Zara Hussain,2025-09-30,252.2,9,3
BID-0267,FWO,Construction,PKR 290.9M,75,Loss,75,62,392,1,Kamran Ali,2025-07-06,290.9,7,3
BID-0268,HEC,Telecom,PKR 420.7M,41,Loss,130,76,69,5,Tariq Mehmood,2025-01-23,420.7,1,1
BID-0269,PSO,Construction,PKR 208.1M,53,Loss,153,62,446,2,Nadia Ahmed,2025-06-30,208.1,6,2
BID-0270,NDMA,Logistics,PKR 387.7M,59,Loss,127,69,249,1,Usman Raza,2025-11-23,387.7,11,4
BID-0271,OGDCL,Finance,PKR 216.8M,45,Loss,167,71,158,4,Zara Hussain,2025-04-18,216.8,4,2
BID-0272,PIMS,Healthcare,PKR 183.4M,81,Loss,133,77,37,3,Sara Malik,2025-12-01,183.4,12,4
BID-0273,NBP,Telecom,PKR 479.7M,80,Loss,97,78,130,3,Nadia Ahmed,2025-06-11,479.7,6,2
BID-0274,NBP,Finance,PKR 100.3M,65,Win,149,99,445,6,Bilal Sheikh,2025-10-29,100.3,10,4
BID-0275,NESPAK,IT Services,PKR 54.3M,66,Loss,56,73,409,4,Sara Malik,2025-07-25,54.3,7,3
BID-0276,PEMRA,Energy,PKR 387.8M,43,Loss,39,59,205,9,Hira Noor,2025-03-19,387.8,3,1
BID-0277,Jazz,Construction,PKR 43.4M,77,Loss,45,86,136,3,Asif Khan,2025-01-16,43.4,1,1
BID-0278,PIMS,Education,PKR 420.2M,81,Win,48,98,130,2,Nadia Ahmed,2025-11-23,420.2,11,4
BID-0279,CDA,Education,PKR 224.2M,63,Win,20,55,289,3,Usman Raza,2025-04-06,224.2,4,2
BID-0280,HEC,Healthcare,PKR 458.6M,47,Loss,138,77,395,2,Nadia Ahmed,2025-05-27,458.6,5,2
BID-0281,NBP,IT Services,PKR 363.6M,74,Win,54,91,275,5,Kamran Ali,2025-01-02,363.6,1,1
BID-0282,PEMRA,Logistics,PKR 309.1M,54,Win,78,62,304,4,Tariq Mehmood,2025-01-10,309.1,1,1
BID-0283,PIMS,Construction,PKR 475.2M,97,Win,88,67,61,3,Zara Hussain,2025-05-05,475.2,5,2
BID-0284,FWO,IT Services,PKR 204.4M,70,Loss,31,62,166,5,Tariq Mehmood,2025-03-22,204.4,3,1
BID-0285,PTCL,Construction,PKR 477.5M,83,Win,39,77,41,3,Tariq Mehmood,2025-05-20,477.5,5,2
BID-0286,FWO,Healthcare,PKR 76.2M,75,Win,62,97,424,1,Nadia Ahmed,2025-11-22,76.2,11,4
BID-0287,PIMS,Healthcare,PKR 247.0M,60,Loss,145,55,331,3,Kamran Ali,2025-05-30,247.0,5,2
BID-0288,NEPRA,Logistics,PKR 142.3M,67,Win,69,99,404,7,Zara Hussain,2025-10-15,142.3,10,4
BID-0289,PIA,Education,PKR 274.5M,96,Win,48,78,45,3,Zara Hussain,2025-12-27,274.5,12,4
BID-0290,PIMS,IT Services,PKR 89.4M,76,Win,58,89,158,2,Tariq Mehmood,2025-12-06,89.4,12,4
BID-0291,WAPDA,Telecom,PKR 422.3M,67,Loss,57,78,92,5,Hira Noor,2025-05-09,422.3,5,2
BID-0292,PEMRA,Education,PKR 424.7M,64,Loss,103,71,138,2,Asif Khan,2025-08-27,424.7,8,3
BID-0293,NEPRA,IT Services,PKR 478.1M,47,Loss,147,59,404,4,Kamran Ali,2025-02-27,478.1,2,1
BID-0294,BISP,Education,PKR 85.8M,67,Loss,145,74,50,1,Hira Noor,2025-07-17,85.8,7,3
BID-0295,NLC,Telecom,PKR 315.4M,88,Win,64,75,187,3,Faiza Iqbal,2025-07-30,315.4,7,3
BID-0296,PIA,Energy,PKR 242.4M,74,Win,71,94,298,8,Faiza Iqbal,2025-02-14,242.4,2,1
BID-0297,NLC,Energy,PKR 178.7M,94,Loss,99,85,191,3,Sara Malik,2025-04-07,178.7,4,2
BID-0298,NBP,Logistics,PKR 182.3M,64,Loss,143,90,289,5,Tariq Mehmood,2025-10-06,182.3,10,4
BID-0299,WAPDA,Energy,PKR 212.3M,56,Win,138,65,441,6,Zara Hussain,2025-01-23,212.3,1,1
BID-0300,FWO,Energy,PKR 355.4M,71,Loss,27,69,131,5,Nadia Ahmed,2025-12-01,355.4,12,4
BID-0301,CDA,Finance,PKR 303.2M,67,Loss,104,73,252,4,Zara Hussain,2025-02-13,303.2,2,1
BID-0302,ERRA,Construction,PKR 235.2M,65,Loss,148,61,88,3,Zara Hussain,2025-01-27,235.2,1,1
BID-0303,PSO,Finance,PKR 47.2M,90,Win,27,82,276,4,Usman Raza,2025-10-09,47.2,10,4
BID-0304,SBP,Finance,PKR 48.1M,82,Win,115,97,157,0,Zara Hussain,2025-04-07,48.1,4,2
BID-0305,PIA,Logistics,PKR 11.1M,41,Loss,121,59,312,8,Sara Malik,2025-02-05,11.1,2,1
BID-0306,PIMS,Finance,PKR 484.2M,46,Loss,24,59,354,2,Hira Noor,2025-04-19,484.2,4,2
BID-0307,NEPRA,Energy,PKR 12.6M,80,Win,105,84,54,4,Faiza Iqbal,2025-02-24,12.6,2,1
BID-0308,PAF,Telecom,PKR 60.5M,60,Win,53,86,160,0,Zara Hussain,2025-07-11,60.5,7,3
BID-0309,SBP,Logistics,PKR 164.2M,60,Loss,74,62,382,1,Zara Hussain,2025-08-07,164.2,8,3
BID-0310,OGDCL,Logistics,PKR 405.6M,59,Loss,138,64,225,7,Usman Raza,2025-07-04,405.6,7,3
BID-0311,PAF,Healthcare,PKR 481.4M,69,Loss,133,92,310,4,Kamran Ali,2025-03-10,481.4,3,1
BID-0312,PTCL,Logistics,PKR 397.1M,65,Win,164,86,433,5,Nadia Ahmed,2025-11-13,397.1,11,4
BID-0313,FWO,Healthcare,PKR 348.4M,71,Win,45,82,447,1,Kamran Ali,2025-05-10,348.4,5,2
BID-0314,WAPDA,Logistics,PKR 265.4M,64,Loss,155,71,183,5,Nadia Ahmed,2025-02-24,265.4,2,1
BID-0315,PEMRA,Construction,PKR 52.5M,74,Win,66,85,411,1,Asif Khan,2025-04-07,52.5,4,2
BID-0316,PSO,Energy,PKR 479.5M,41,Win,132,62,162,2,Zara Hussain,2025-12-02,479.5,12,4
BID-0317,PEMRA,Logistics,PKR 381.6M,71,Win,95,94,256,1,Usman Raza,2025-03-28,381.6,3,1
BID-0318,NESPAK,Energy,PKR 323.1M,81,Win,91,79,218,4,Bilal Sheikh,2025-10-21,323.1,10,4
BID-0319,NDMA,Energy,PKR 381.9M,58,Loss,108,63,294,3,Tariq Mehmood,2025-04-29,381.9,4,2
BID-0320,BISP,Education,PKR 364.8M,50,Loss,65,56,401,1,Faiza Iqbal,2025-07-27,364.8,7,3
BID-0321,NLC,Logistics,PKR 322.2M,66,Loss,52,69,163,3,Hira Noor,2025-11-30,322.2,11,4
BID-0322,NLC,IT Services,PKR 490.5M,74,Loss,20,57,240,2,Faiza Iqbal,2025-06-03,490.5,6,2
BID-0323,NDMA,Education,PKR 452.6M,59,Win,166,90,89,2,Hira Noor,2025-02-04,452.6,2,1
BID-0324,NBP,IT Services,PKR 326.9M,61,Loss,50,58,406,1,Asif Khan,2025-03-20,326.9,3,1
BID-0325,PTCL,Energy,PKR 349.7M,55,Win,161,68,424,3,Kamran Ali,2025-03-08,349.7,3,1
BID-0326,PIA,Energy,PKR 35.3M,61,Loss,72,95,393,2,Sara Malik,2025-12-09,35.3,12,4
BID-0327,Jazz,Education,PKR 338.3M,64,Win,67,95,393,3,Zara Hussain,2025-02-03,338.3,2,1
BID-0328,BISP,Education,PKR 31.6M,61,Loss,88,79,242,3,Bilal Sheikh,2025-04-07,31.6,4,2
BID-0329,ERRA,IT Services,PKR 298.2M,65,Loss,124,64,245,5,Hira Noor,2025-06-18,298.2,6,2
BID-0330,HEC,Healthcare,PKR 499.7M,61,Loss,109,75,255,6,Tariq Mehmood,2025-06-18,499.7,6,2
BID-0331,FWO,IT Services,PKR 282.3M,82,Win,82,90,160,3,Hira Noor,2025-05-31,282.3,5,2
BID-0332,WAPDA,Education,PKR 241.9M,52,Loss,92,66,105,5,Sara Malik,2025-03-12,241.9,3,1
BID-0333,NESPAK,Telecom,PKR 163.3M,81,Loss,108,81,315,2,Faiza Iqbal,2025-01-03,163.3,1,1
BID-0334,NESPAK,Education,PKR 69.1M,89,Win,32,94,306,2,Usman Raza,2025-11-10,69.1,11,4
BID-0335,HEC,Telecom,PKR 368.2M,70,Loss,92,56,185,4,Faiza Iqbal,2025-02-01,368.2,2,1
BID-0336,SBP,Construction,PKR 104.4M,57,Loss,96,67,277,3,Asif Khan,2025-10-14,104.4,10,4
BID-0337,OGDCL,Education,PKR 66.5M,77,Win,87,86,247,2,Usman Raza,2025-03-23,66.5,3,1
BID-0338,Jazz,Construction,PKR 216.7M,68,Win,117,85,219,1,Faiza Iqbal,2025-02-12,216.7,2,1
BID-0339,PAF,Healthcare,PKR 399.7M,58,Loss,144,70,446,5,Tariq Mehmood,2025-04-15,399.7,4,2
BID-0340,PTCL,IT Services,PKR 375.1M,71,Loss,121,86,192,3,Faiza Iqbal,2025-01-01,375.1,1,1
BID-0341,BISP,Telecom,PKR 36.9M,65,Win,151,86,209,4,Tariq Mehmood,2025-03-02,36.9,3,1
BID-0342,PIMS,IT Services,PKR 233.0M,66,Win,121,88,63,1,Tariq Mehmood,2025-09-27,233.0,9,3
BID-0343,WAPDA,Construction,PKR 266.0M,77,Win,38,65,70,3,Usman Raza,2025-06-29,266.0,6,2
BID-0344,PTCL,Telecom,PKR 325.8M,61,Loss,101,64,336,4,Kamran Ali,2025-08-12,325.8,8,3
BID-0345,PSO,IT Services,PKR 328.6M,56,Loss,160,69,367,2,Nadia Ahmed,2025-01-06,328.6,1,1
BID-0346,PAF,Education,PKR 188.7M,63,Loss,42,71,343,2,Zara Hussain,2025-04-13,188.7,4,2
BID-0347,NEPRA,Energy,PKR 284.7M,71,Loss,102,94,104,2,Hira Noor,2025-01-10,284.7,1,1
BID-0348,PIA,Construction,PKR 245.7M,61,Loss,128,72,308,4,Nadia Ahmed,2025-03-12,245.7,3,1
BID-0349,NDMA,IT Services,PKR 443.6M,61,Win,94,63,205,5,Sara Malik,2025-03-31,443.6,3,1
BID-0350,NBP,Construction,PKR 269.8M,60,Win,148,79,413,2,Kamran Ali,2025-08-14,269.8,8,3
BID-0351,NDMA,Finance,PKR 226.1M,70,Loss,107,94,179,2,Nadia Ahmed,2025-06-07,226.1,6,2
BID-0352,HEC,Construction,PKR 208.2M,66,Win,73,68,302,4,Usman Raza,2025-08-16,208.2,8,3
BID-0353,CDA,Telecom,PKR 290.5M,52,Win,108,79,354,0,Sara Malik,2025-05-06,290.5,5,2
BID-0354,NESPAK,Finance,PKR 403.9M,58,Loss,162,76,137,3,Bilal Sheikh,2025-07-28,403.9,7,3
BID-0355,FWO,Logistics,PKR 273.8M,78,Win,84,84,168,0,Kamran Ali,2025-04-07,273.8,4,2
BID-0356,FWO,Telecom,PKR 334.2M,67,Win,95,74,379,2,Nadia Ahmed,2025-03-15,334.2,3,1
BID-0357,BISP,Energy,PKR 371.5M,70,Loss,162,75,300,2,Sara Malik,2025-04-25,371.5,4,2
BID-0358,NLC,Finance,PKR 264.9M,88,Loss,168,98,376,1,Bilal Sheikh,2025-07-10,264.9,7,3
BID-0359,PSO,Logistics,PKR 219.1M,73,Win,166,86,448,4,Faiza Iqbal,2025-06-19,219.1,6,2
BID-0360,WAPDA,Education,PKR 439.6M,56,Loss,79,75,318,5,Sara Malik,2025-11-03,439.6,11,4
BID-0361,PAF,Construction,PKR 214.6M,64,Loss,112,89,241,1,Usman Raza,2025-07-23,214.6,7,3
BID-0362,FWO,IT Services,PKR 236.4M,84,Loss,68,86,410,4,Faiza Iqbal,2025-02-25,236.4,2,1
BID-0363,PSO,Healthcare,PKR 495.3M,62,Win,54,84,301,0,Usman Raza,2025-07-27,495.3,7,3
BID-0364,SBP,Construction,PKR 10.1M,54,Win,121,93,447,6,Nadia Ahmed,2025-02-10,10.1,2,1
BID-0365,HEC,Logistics,PKR 100.9M,72,Loss,30,66,95,5,Zara Hussain,2025-02-01,100.9,2,1
BID-0366,PIMS,Construction,PKR 198.1M,55,Loss,118,95,277,1,Nadia Ahmed,2025-01-15,198.1,1,1
BID-0367,NESPAK,Energy,PKR 467.0M,64,Loss,129,72,185,5,Faiza Iqbal,2025-03-03,467.0,3,1
BID-0368,PSO,Education,PKR 44.3M,73,Win,93,75,76,1,Tariq Mehmood,2025-06-04,44.3,6,2
BID-0369,NDMA,Healthcare,PKR 14.6M,64,Win,28,67,230,4,Nadia Ahmed,2025-10-11,14.6,10,4
BID-0370,HEC,Finance,PKR 35.8M,97,Win,22,75,177,2,Faiza Iqbal,2025-07-28,35.8,7,3
BID-0371,PEMRA,Finance,PKR 53.4M,56,Win,104,62,153,1,Sara Malik,2025-11-16,53.4,11,4
BID-0372,HEC,Finance,PKR 28.4M,89,Win,45,94,30,3,Asif Khan,2025-07-06,28.4,7,3
BID-0373,BISP,Logistics,PKR 245.1M,71,Win,91,61,276,3,Nadia Ahmed,2025-05-10,245.1,5,2
BID-0374,NBP,Telecom,PKR 294.6M,67,Win,67,77,372,6,Sara Malik,2025-05-07,294.6,5,2
BID-0375,PEMRA,Telecom,PKR 143.1M,65,Win,136,98,157,0,Usman Raza,2025-10-19,143.1,10,4
BID-0376,PTCL,IT Services,PKR 205.2M,94,Win,31,86,220,3,Kamran Ali,2025-04-24,205.2,4,2
BID-0377,HEC,Healthcare,PKR 54.9M,56,Loss,152,65,96,5,Zara Hussain,2025-07-18,54.9,7,3
BID-0378,NESPAK,Finance,PKR 174.8M,94,Win,67,76,33,1,Usman Raza,2025-01-13,174.8,1,1
BID-0379,PSO,Telecom,PKR 266.0M,63,Loss,56,76,438,3,Usman Raza,2025-09-28,266.0,9,3
BID-0380,PSO,Logistics,PKR 368.8M,74,Win,63,97,332,4,Faiza Iqbal,2025-03-30,368.8,3,1
BID-0381,SBP,IT Services,PKR 11.6M,68,Loss,34,79,323,2,Tariq Mehmood,2025-08-03,11.6,8,3
BID-0382,OGDCL,Education,PKR 239.0M,58,Loss,62,76,172,3,Hira Noor,2025-10-05,239.0,10,4
BID-0383,FWO,IT Services,PKR 155.5M,77,Win,106,82,220,7,Asif Khan,2025-07-22,155.5,7,3
BID-0384,HEC,Telecom,PKR 427.9M,77,Loss,89,83,50,1,Tariq Mehmood,2025-03-15,427.9,3,1
BID-0385,PIA,Energy,PKR 360.6M,72,Loss,65,67,256,3,Faiza Iqbal,2025-01-25,360.6,1,1
BID-0386,HEC,Logistics,PKR 298.7M,52,Loss,127,72,342,3,Zara Hussain,2025-04-11,298.7,4,2
BID-0387,OGDCL,Energy,PKR 145.9M,37,Loss,142,56,146,1,Asif Khan,2025-06-25,145.9,6,2
BID-0388,NLC,Finance,PKR 456.1M,81,Loss,40,83,331,1,Asif Khan,2025-04-27,456.1,4,2
BID-0389,PTCL,Energy,PKR 32.1M,65,Loss,126,75,171,2,Faiza Iqbal,2025-06-15,32.1,6,2
BID-0390,PIA,Finance,PKR 63.6M,51,Loss,99,69,430,2,Bilal Sheikh,2025-02-10,63.6,2,1
BID-0391,NDMA,Finance,PKR 201.9M,73,Loss,66,81,68,6,Usman Raza,2025-12-10,201.9,12,4
BID-0392,FWO,Telecom,PKR 71.0M,53,Loss,136,85,422,1,Kamran Ali,2025-04-30,71.0,4,2
BID-0393,HEC,Energy,PKR 478.6M,47,Loss,143,69,384,3,Bilal Sheikh,2025-04-07,478.6,4,2
BID-0394,PAF,Finance,PKR 401.0M,50,Loss,162,77,281,3,Faiza Iqbal,2025-05-25,401.0,5,2
BID-0395,OGDCL,Healthcare,PKR 136.9M,85,Win,44,78,362,4,Bilal Sheikh,2025-08-04,136.9,8,3
BID-0396,PSO,Education,PKR 298.4M,90,Win,55,98,236,2,Kamran Ali,2025-08-17,298.4,8,3
BID-0397,PSO,IT Services,PKR 491.3M,39,Win,70,67,239,3,Faiza Iqbal,2025-11-09,491.3,11,4
BID-0398,NLC,IT Services,PKR 443.3M,75,Win,34,76,144,4,Faiza Iqbal,2025-05-10,443.3,5,2
BID-0399,NBP,Telecom,PKR 304.4M,68,Win,87,97,254,2,Asif Khan,2025-12-18,304.4,12,4
BID-0400,PTCL,Energy,PKR 452.8M,68,Loss,40,91,163,3,Bilal Sheikh,2025-11-14,452.8,11,4
BID-0401,NESPAK,Energy,PKR 494.7M,82,Loss,160,87,280,2,Sara Malik,2025-05-17,494.7,5,2
BID-0402,NEPRA,Finance,PKR 374.2M,45,Loss,38,57,248,4,Nadia Ahmed,2025-11-20,374.2,11,4
BID-0403,PIMS,Logistics,PKR 41.8M,37,Loss,53,73,436,1,Faiza Iqbal,2025-12-03,41.8,12,4
BID-0404,FWO,Construction,PKR 206.8M,80,Loss,97,77,120,3,Bilal Sheikh,2025-09-30,206.8,9,3
BID-0405,FWO,Finance,PKR 420.5M,58,Loss,144,83,383,5,Hira Noor,2025-04-27,420.5,4,2
BID-0406,NDMA,Education,PKR 123.0M,50,Loss,136,84,405,2,Zara Hussain,2025-11-02,123.0,11,4
BID-0407,ERRA,Healthcare,PKR 417.0M,69,Win,71,93,75,4,Hira Noor,2025-04-04,417.0,4,2
BID-0408,HEC,IT Services,PKR 69.0M,86,Win,46,98,67,2,Bilal Sheikh,2025-06-17,69.0,6,2
BID-0409,NESPAK,Finance,PKR 33.0M,78,Win,54,79,171,1,Usman Raza,2025-07-22,33.0,7,3
BID-0410,PIMS,Construction,PKR 198.2M,60,Loss,155,91,129,3,Usman Raza,2025-12-07,198.2,12,4
BID-0411,FWO,Construction,PKR 28.0M,54,Loss,163,62,357,4,Bilal Sheikh,2025-05-29,28.0,5,2
BID-0412,FWO,Finance,PKR 479.1M,78,Win,125,96,219,7,Asif Khan,2025-07-02,479.1,7,3
BID-0413,WAPDA,Telecom,PKR 414.8M,66,Loss,165,70,64,4,Asif Khan,2025-06-01,414.8,6,2
BID-0414,PIA,IT Services,PKR 402.4M,93,Win,21,62,176,6,Faiza Iqbal,2025-03-15,402.4,3,1
BID-0415,ERRA,Telecom,PKR 318.6M,65,Win,96,55,59,4,Kamran Ali,2025-12-31,318.6,12,4
BID-0416,NESPAK,Healthcare,PKR 116.0M,79,Win,151,98,363,1,Nadia Ahmed,2025-10-01,116.0,10,4
BID-0417,PAF,Construction,PKR 263.9M,54,Loss,109,59,113,1,Faiza Iqbal,2025-02-11,263.9,2,1
BID-0418,NESPAK,Construction,PKR 302.7M,35,Loss,108,57,398,7,Hira Noor,2025-07-31,302.7,7,3
BID-0419,PEMRA,Education,PKR 267.3M,78,Win,113,55,310,4,Nadia Ahmed,2025-04-11,267.3,4,2
BID-0420,NLC,Healthcare,PKR 137.5M,58,Loss,26,58,373,3,Hira Noor,2025-02-14,137.5,2,1
BID-0421,NDMA,Construction,PKR 262.5M,78,Win,114,94,299,3,Asif Khan,2025-03-23,262.5,3,1
BID-0422,NEPRA,Healthcare,PKR 250.7M,68,Loss,127,89,183,3,Bilal Sheikh,2025-01-17,250.7,1,1
BID-0423,PIMS,IT Services,PKR 498.2M,88,Win,93,86,131,3,Kamran Ali,2025-03-14,498.2,3,1
BID-0424,NBP,Energy,PKR 449.7M,61,Loss,58,96,244,1,Hira Noor,2025-01-14,449.7,1,1
BID-0425,WAPDA,Construction,PKR 237.1M,72,Loss,160,88,179,1,Asif Khan,2025-06-06,237.1,6,2
BID-0426,PIA,Education,PKR 315.2M,82,Win,90,97,112,3,Kamran Ali,2025-08-11,315.2,8,3
BID-0427,NLC,IT Services,PKR 376.5M,83,Win,75,79,139,0,Faiza Iqbal,2025-05-12,376.5,5,2
BID-0428,NDMA,Finance,PKR 27.1M,59,Loss,61,64,416,3,Bilal Sheikh,2025-12-04,27.1,12,4
BID-0429,CDA,Healthcare,PKR 448.5M,87,Win,55,75,304,3,Zara Hussain,2025-02-16,448.5,2,1
BID-0430,SBP,Finance,PKR 431.5M,70,Win,103,93,230,0,Usman Raza,2025-04-17,431.5,4,2
BID-0431,OGDCL,Telecom,PKR 234.1M,55,Win,137,81,313,2,Tariq Mehmood,2025-04-18,234.1,4,2
BID-0432,NEPRA,IT Services,PKR 201.7M,66,Loss,26,81,202,1,Kamran Ali,2025-09-22,201.7,9,3
BID-0433,PAF,Finance,PKR 143.8M,47,Loss,73,56,356,2,Zara Hussain,2025-07-24,143.8,7,3
BID-0434,ERRA,Logistics,PKR 243.6M,61,Loss,148,95,235,4,Zara Hussain,2025-03-20,243.6,3,1
BID-0435,OGDCL,Logistics,PKR 31.7M,66,Win,139,67,92,4,Kamran Ali,2025-06-04,31.7,6,2
BID-0436,OGDCL,Construction,PKR 427.6M,69,Loss,125,63,102,1,Zara Hussain,2025-09-28,427.6,9,3
BID-0437,PIA,Healthcare,PKR 27.4M,61,Win,66,90,280,3,Hira Noor,2025-09-04,27.4,9,3
BID-0438,HEC,Energy,PKR 171.2M,49,Win,142,76,153,3,Zara Hussain,2025-01-19,171.2,1,1
BID-0439,CDA,IT Services,PKR 466.5M,75,Loss,160,96,404,2,Asif Khan,2025-12-12,466.5,12,4
BID-0440,PIMS,Construction,PKR 370.3M,48,Loss,138,80,150,2,Nadia Ahmed,2025-01-26,370.3,1,1
BID-0441,NBP,Education,PKR 147.9M,43,Loss,169,66,304,3,Hira Noor,2025-08-05,147.9,8,3
BID-0442,PIMS,Telecom,PKR 133.8M,50,Loss,137,71,427,2,Zara Hussain,2025-06-03,133.8,6,2
BID-0443,PSO,Healthcare,PKR 12.5M,52,Win,40,68,149,3,Faiza Iqbal,2025-06-03,12.5,6,2
BID-0444,OGDCL,IT Services,PKR 350.9M,61,Win,156,68,346,2,Usman Raza,2025-06-23,350.9,6,2
BID-0445,NEPRA,Logistics,PKR 33.9M,96,Win,45,88,193,1,Bilal Sheikh,2025-04-02,33.9,4,2
BID-0446,NBP,IT Services,PKR 271.0M,56,Loss,28,74,315,0,Zara Hussain,2025-12-04,271.0,12,4
BID-0447,SBP,Energy,PKR 481.4M,53,Loss,34,65,294,3,Sara Malik,2025-06-30,481.4,6,2
BID-0448,HEC,Logistics,PKR 63.6M,80,Win,29,70,349,4,Usman Raza,2025-05-11,63.6,5,2
BID-0449,NESPAK,Energy,PKR 448.3M,59,Loss,141,85,190,4,Faiza Iqbal,2025-10-25,448.3,10,4
BID-0450,NBP,Education,PKR 495.8M,55,Win,140,60,405,3,Asif Khan,2025-10-02,495.8,10,4
BID-0451,PAF,Telecom,PKR 40.1M,37,Loss,144,73,337,3,Zara Hussain,2025-09-30,40.1,9,3
BID-0452,PIMS,Education,PKR 442.6M,87,Win,91,91,118,6,Asif Khan,2025-03-17,442.6,3,1
BID-0453,CDA,Construction,PKR 262.9M,51,Win,68,58,171,4,Zara Hussain,2025-06-26,262.9,6,2
BID-0454,NBP,Construction,PKR 454.2M,62,Loss,110,58,232,4,Tariq Mehmood,2025-07-03,454.2,7,3
BID-0455,NBP,Education,PKR 289.9M,60,Loss,56,74,338,5,Nadia Ahmed,2025-11-15,289.9,11,4
BID-0456,PTCL,Telecom,PKR 334.4M,73,Loss,87,64,256,1,Asif Khan,2025-05-11,334.4,5,2
BID-0457,PSO,Education,PKR 276.5M,75,Win,69,78,363,4,Nadia Ahmed,2025-12-29,276.5,12,4
BID-0458,PAF,Telecom,PKR 433.6M,81,Win,38,89,251,2,Usman Raza,2025-02-18,433.6,2,1
BID-0459,NDMA,Telecom,PKR 369.6M,86,Win,119,80,70,4,Tariq Mehmood,2025-02-24,369.6,2,1
BID-0460,NBP,Finance,PKR 265.4M,65,Win,79,91,225,5,Bilal Sheikh,2025-06-03,265.4,6,2
BID-0461,OGDCL,Logistics,PKR 435.4M,77,Win,108,92,97,2,Hira Noor,2025-12-21,435.4,12,4
BID-0462,NESPAK,Healthcare,PKR 130.2M,64,Loss,165,75,293,4,Nadia Ahmed,2025-07-19,130.2,7,3
BID-0463,CDA,Telecom,PKR 87.1M,63,Loss,166,94,31,1,Tariq Mehmood,2025-11-04,87.1,11,4
BID-0464,NDMA,Energy,PKR 88.6M,90,Loss,88,93,390,2,Nadia Ahmed,2025-12-22,88.6,12,4
BID-0465,NESPAK,Telecom,PKR 173.7M,84,Win,68,75,154,4,Kamran Ali,2025-04-28,173.7,4,2
BID-0466,CDA,Telecom,PKR 127.0M,71,Loss,127,64,139,1,Faiza Iqbal,2025-09-20,127.0,9,3
BID-0467,SBP,Telecom,PKR 465.7M,99,Win,138,92,115,1,Bilal Sheikh,2025-02-15,465.7,2,1
BID-0468,PEMRA,Finance,PKR 61.9M,65,Loss,168,58,149,0,Faiza Iqbal,2025-10-29,61.9,10,4
BID-0469,PTCL,Logistics,PKR 352.5M,46,Loss,169,99,156,3,Zara Hussain,2025-12-22,352.5,12,4
BID-0470,NDMA,Finance,PKR 102.7M,54,Loss,56,74,284,3,Nadia Ahmed,2025-07-08,102.7,7,3
BID-0471,BISP,Construction,PKR 442.0M,50,Loss,162,71,212,4,Zara Hussain,2025-11-06,442.0,11,4
BID-0472,PSO,Finance,PKR 481.0M,79,Loss,30,61,45,2,Sara Malik,2025-11-14,481.0,11,4
BID-0473,HEC,Energy,PKR 238.1M,61,Loss,157,58,91,3,Nadia Ahmed,2025-05-09,238.1,5,2
BID-0474,PIMS,Energy,PKR 440.7M,64,Loss,97,83,398,6,Tariq Mehmood,2025-02-18,440.7,2,1
BID-0475,NESPAK,Finance,PKR 12.5M,70,Win,96,68,187,2,Bilal Sheikh,2025-01-25,12.5,1,1
BID-0476,PTCL,Logistics,PKR 411.8M,63,Loss,21,57,297,2,Zara Hussain,2025-09-23,411.8,9,3
BID-0477,OGDCL,Education,PKR 122.0M,74,Win,83,78,64,2,Nadia Ahmed,2025-04-28,122.0,4,2
BID-0478,PSO,Healthcare,PKR 455.3M,49,Loss,54,91,296,4,Sara Malik,2025-05-24,455.3,5,2
BID-0479,SBP,Logistics,PKR 10.5M,77,Win,26,70,93,1,Faiza Iqbal,2025-07-19,10.5,7,3
BID-0480,PAF,Finance,PKR 282.5M,68,Win,104,58,79,4,Tariq Mehmood,2025-06-06,282.5,6,2
BID-0481,PIA,Telecom,PKR 380.8M,58,Loss,165,78,284,3,Kamran Ali,2025-12-14,380.8,12,4
BID-0482,SBP,IT Services,PKR 136.8M,93,Win,86,88,178,3,Nadia Ahmed,2025-05-14,136.8,5,2
BID-0483,PEMRA,Healthcare,PKR 104.6M,77,Win,61,84,354,5,Kamran Ali,2025-05-28,104.6,5,2
BID-0484,HEC,Healthcare,PKR 51.2M,50,Loss,137,72,333,3,Usman Raza,2025-12-02,51.2,12,4
BID-0485,PIMS,Energy,PKR 170.0M,55,Loss,144,73,305,1,Bilal Sheikh,2025-03-12,170.0,3,1
BID-0486,ERRA,Healthcare,PKR 284.3M,79,Loss,43,85,386,1,Nadia Ahmed,2025-08-21,284.3,8,3
BID-0487,ERRA,Finance,PKR 66.8M,67,Win,65,73,201,3,Asif Khan,2025-11-30,66.8,11,4
BID-0488,NEPRA,Telecom,PKR 194.6M,66,Win,38,73,446,5,Sara Malik,2025-10-26,194.6,10,4
BID-0489,BISP,Telecom,PKR 14.4M,53,Loss,87,76,230,4,Zara Hussain,2025-06-03,14.4,6,2
BID-0490,NESPAK,Construction,PKR 411.2M,45,Loss,121,78,422,2,Asif Khan,2025-03-31,411.2,3,1
BID-0491,CDA,Telecom,PKR 72.9M,68,Win,61,99,353,7,Usman Raza,2025-11-30,72.9,11,4
BID-0492,PIA,Logistics,PKR 148.8M,79,Win,51,66,64,0,Bilal Sheikh,2025-07-18,148.8,7,3
BID-0493,NESPAK,Telecom,PKR 19.0M,58,Loss,128,84,245,4,Faiza Iqbal,2025-06-10,19.0,6,2
BID-0494,NBP,Energy,PKR 221.8M,75,Win,55,92,94,2,Tariq Mehmood,2025-01-26,221.8,1,1
BID-0495,Jazz,Telecom,PKR 421.7M,80,Win,116,85,37,3,Kamran Ali,2025-05-01,421.7,5,2
BID-0496,SBP,Construction,PKR 202.2M,56,Loss,150,90,330,1,Usman Raza,2025-10-28,202.2,10,4
BID-0497,PEMRA,IT Services,PKR 98.0M,64,Win,92,73,372,3,Zara Hussain,2025-07-31,98.0,7,3
BID-0498,PAF,Finance,PKR 379.3M,71,Loss,155,99,361,1,Tariq Mehmood,2025-03-04,379.3,3,1
BID-0499,WAPDA,Energy,PKR 396.5M,70,Win,116,90,105,3,Faiza Iqbal,2025-03-09,396.5,3,1
BID-0500,PIA,Logistics,PKR 95.1M,55,Loss,142,84,203,6,Zara Hussain,2025-09-10,95.1,9,3
